[{"useNaturalConf":true,"startTime":"Jan 14, 2021, 4:05:04 PM","endTime":"Jan 14, 2021, 4:05:12 PM","status":"PASS","level":0,"isLeaf":false,"name":"Use of the exchange rate for financial uses","description":"","bddType":"com.aventstack.extentreports.gherkin.model.Feature","infoMap":{},"children":[{"useNaturalConf":true,"startTime":"Jan 14, 2021, 4:05:04 PM","endTime":"Jan 14, 2021, 4:05:08 PM","status":"PASS","level":1,"isLeaf":false,"name":"Validate Rates API availablity for latest forgin exchange and assert response","description":"","bddType":"com.aventstack.extentreports.gherkin.model.Scenario","infoMap":{},"children":[{"useNaturalConf":true,"startTime":"Jan 14, 2021, 4:05:05 PM","endTime":"Jan 14, 2021, 4:05:08 PM","status":"PASS","level":2,"isLeaf":true,"name":"Given Perform get operation for latest forgin exchange rates on url \"/latest\"","description":"stepDefinitions.StepDef_ExchangeRates.perform_get_operation_for_latest_exchange_rates(java.lang.String)","bddType":"com.aventstack.extentreports.gherkin.model.Given","infoMap":{},"children":[],"logs":[{"timestamp":"Jan 14, 2021, 4:05:08 PM","status":"PASS","details":"","seq":0,"infoMap":{}}],"media":[],"exceptions":[],"authorSet":[],"categorySet":[],"deviceSet":[],"generatedLog":[]},{"useNaturalConf":true,"startTime":"Jan 14, 2021, 4:05:08 PM","endTime":"Jan 14, 2021, 4:05:08 PM","status":"PASS","level":2,"isLeaf":true,"name":"Then Validate get status successful","description":"stepDefinitions.StepDef_ExchangeRates.validate_get_status_successful()","bddType":"com.aventstack.extentreports.gherkin.model.Then","infoMap":{},"children":[],"logs":[{"timestamp":"Jan 14, 2021, 4:05:08 PM","status":"INFO","details":"Latest exchange rates, GET operation response \u0027HTTP/1.1 200 OK\u0027 is as expected.","seq":0,"infoMap":{}},{"timestamp":"Jan 14, 2021, 4:05:08 PM","status":"PASS","details":"","seq":1,"infoMap":{}}],"media":[],"exceptions":[],"authorSet":[],"categorySet":[],"deviceSet":[],"generatedLog":[]},{"useNaturalConf":true,"startTime":"Jan 14, 2021, 4:05:08 PM","endTime":"Jan 14, 2021, 4:05:08 PM","status":"PASS","level":2,"isLeaf":true,"name":"And Validate get response body contains following expected values","description":"stepDefinitions.StepDef_ExchangeRates.validate_get_response_body(java.util.List\u003cjava.util.Map\u003cjava.lang.String, java.lang.String\u003e\u003e)","bddType":"com.aventstack.extentreports.gherkin.model.And","infoMap":{},"children":[],"logs":[{"timestamp":"Jan 14, 2021, 4:05:08 PM","status":"PASS","details":"\u003ctable class\u003d\u0027markup-table table \u0027\u003e\u003ctr\u003e\u003ctd\u003eNode_A\u003c/td\u003e\u003ctd\u003eNode_B\u003c/td\u003e\u003ctd\u003eDate\u003c/td\u003e\u003c/tr\u003e\u003ctr\u003e\u003ctd\u003ebase\u003c/td\u003e\u003ctd\u003erates\u003c/td\u003e\u003ctd\u003e2021-01\u003c/td\u003e\u003c/tr\u003e\u003c/table\u003e","seq":0,"infoMap":{}},{"timestamp":"Jan 14, 2021, 4:05:08 PM","status":"INFO","details":"Node \u0027base\u0027 is exists in Get latest exchange rate response.","seq":1,"infoMap":{}},{"timestamp":"Jan 14, 2021, 4:05:08 PM","status":"INFO","details":"Node \u0027rates\u0027 is exists in Get latest exchange rate response.","seq":2,"infoMap":{}},{"timestamp":"Jan 14, 2021, 4:05:08 PM","status":"INFO","details":"Today date \u00272021-01\u0027 is matching in Get latest exchange rate response.","seq":3,"infoMap":{}},{"timestamp":"Jan 14, 2021, 4:05:08 PM","status":"PASS","details":"","seq":4,"infoMap":{}}],"media":[],"exceptions":[],"authorSet":[],"categorySet":[],"deviceSet":[],"generatedLog":[]}],"logs":[],"media":[],"exceptions":[],"authorSet":[],"categorySet":[],"deviceSet":[],"generatedLog":[]},{"useNaturalConf":true,"startTime":"Jan 14, 2021, 4:05:08 PM","endTime":"Jan 14, 2021, 4:05:09 PM","status":"PASS","level":1,"isLeaf":false,"name":"Validate Rates API on incorrect url for latest forgin exchange rates and validate call is correct","description":"","bddType":"com.aventstack.extentreports.gherkin.model.Scenario","infoMap":{},"children":[{"useNaturalConf":true,"startTime":"Jan 14, 2021, 4:05:08 PM","endTime":"Jan 14, 2021, 4:05:09 PM","status":"PASS","level":2,"isLeaf":true,"name":"Given Perform get operation for latest forgin exchange rates on incorrect resource \"/la\"","description":"stepDefinitions.StepDef_ExchangeRates.perform_get_operation_for_latest_exchange_rates_incorrect_resource(java.lang.String)","bddType":"com.aventstack.extentreports.gherkin.model.Given","infoMap":{},"children":[],"logs":[{"timestamp":"Jan 14, 2021, 4:05:09 PM","status":"PASS","details":"","seq":0,"infoMap":{}}],"media":[],"exceptions":[],"authorSet":[],"categorySet":[],"deviceSet":[],"generatedLog":[]},{"useNaturalConf":true,"startTime":"Jan 14, 2021, 4:05:09 PM","endTime":"Jan 14, 2021, 4:05:09 PM","status":"PASS","level":2,"isLeaf":true,"name":"Then Validate expected response","description":"stepDefinitions.StepDef_ExchangeRates.validate_expected_response()","bddType":"com.aventstack.extentreports.gherkin.model.Then","infoMap":{},"children":[],"logs":[{"timestamp":"Jan 14, 2021, 4:05:09 PM","status":"INFO","details":"Latest exchange rates, GET operation response \u0027HTTP/1.1 400 Bad Request\u0027 is as expected successfully.","seq":0,"infoMap":{}},{"timestamp":"Jan 14, 2021, 4:05:09 PM","status":"PASS","details":"","seq":1,"infoMap":{}}],"media":[],"exceptions":[],"authorSet":[],"categorySet":[],"deviceSet":[],"generatedLog":[]}],"logs":[],"media":[],"exceptions":[],"authorSet":[],"categorySet":[],"deviceSet":[],"generatedLog":[]},{"useNaturalConf":true,"startTime":"Jan 14, 2021, 4:05:09 PM","endTime":"Jan 14, 2021, 4:05:11 PM","status":"PASS","level":1,"isLeaf":false,"name":"Validate Rates API availablity for specific date forgin exchange rates and assert response","description":"","bddType":"com.aventstack.extentreports.gherkin.model.Scenario","infoMap":{},"children":[{"useNaturalConf":true,"startTime":"Jan 14, 2021, 4:05:09 PM","endTime":"Jan 14, 2021, 4:05:09 PM","status":"PASS","level":2,"isLeaf":true,"name":"Given Perform get operation for \"2021-01-13\" date forgin exchange rates","description":"stepDefinitions.StepDef_ExchangeRates.perform_get_operation_for_specific_exchange_rates(java.lang.String)","bddType":"com.aventstack.extentreports.gherkin.model.Given","infoMap":{},"children":[],"logs":[{"timestamp":"Jan 14, 2021, 4:05:09 PM","status":"PASS","details":"","seq":0,"infoMap":{}}],"media":[],"exceptions":[],"authorSet":[],"categorySet":[],"deviceSet":[],"generatedLog":[]},{"useNaturalConf":true,"startTime":"Jan 14, 2021, 4:05:09 PM","endTime":"Jan 14, 2021, 4:05:09 PM","status":"PASS","level":2,"isLeaf":true,"name":"Then Validate get status successful","description":"stepDefinitions.StepDef_ExchangeRates.validate_get_status_successful()","bddType":"com.aventstack.extentreports.gherkin.model.Then","infoMap":{},"children":[],"logs":[{"timestamp":"Jan 14, 2021, 4:05:09 PM","status":"INFO","details":"Latest exchange rates, GET operation response \u0027HTTP/1.1 200 OK\u0027 is as expected.","seq":0,"infoMap":{}},{"timestamp":"Jan 14, 2021, 4:05:09 PM","status":"PASS","details":"","seq":1,"infoMap":{}}],"media":[],"exceptions":[],"authorSet":[],"categorySet":[],"deviceSet":[],"generatedLog":[]},{"useNaturalConf":true,"startTime":"Jan 14, 2021, 4:05:09 PM","endTime":"Jan 14, 2021, 4:05:10 PM","status":"PASS","level":2,"isLeaf":true,"name":"And Validate get response body contains following expected values","description":"stepDefinitions.StepDef_ExchangeRates.validate_get_response_body(java.util.List\u003cjava.util.Map\u003cjava.lang.String, java.lang.String\u003e\u003e)","bddType":"com.aventstack.extentreports.gherkin.model.And","infoMap":{},"children":[],"logs":[{"timestamp":"Jan 14, 2021, 4:05:09 PM","status":"PASS","details":"\u003ctable class\u003d\u0027markup-table table \u0027\u003e\u003ctr\u003e\u003ctd\u003eBASE\u003c/td\u003e\u003ctd\u003eDate\u003c/td\u003e\u003c/tr\u003e\u003ctr\u003e\u003ctd\u003eEUR\u003c/td\u003e\u003ctd\u003e2021-01-13\u003c/td\u003e\u003c/tr\u003e\u003c/table\u003e","seq":0,"infoMap":{}},{"timestamp":"Jan 14, 2021, 4:05:10 PM","status":"INFO","details":"Value of base \u0027EUR\u0027 is exists in Get latest exchange rate response.","seq":1,"infoMap":{}},{"timestamp":"Jan 14, 2021, 4:05:10 PM","status":"INFO","details":"Today date \u00272021-01-13\u0027 is matching in Get latest exchange rate response.","seq":2,"infoMap":{}},{"timestamp":"Jan 14, 2021, 4:05:10 PM","status":"PASS","details":"","seq":3,"infoMap":{}}],"media":[],"exceptions":[],"authorSet":[],"categorySet":[],"deviceSet":[],"generatedLog":[]},{"useNaturalConf":true,"startTime":"Jan 14, 2021, 4:05:10 PM","endTime":"Jan 14, 2021, 4:05:11 PM","status":"PASS","level":2,"isLeaf":true,"name":"And Validate rates from response body contains following expected values","description":"stepDefinitions.StepDef_ExchangeRates.validate_rate_response_from_body(java.util.List\u003cjava.util.Map\u003cjava.lang.String, java.lang.String\u003e\u003e)","bddType":"com.aventstack.extentreports.gherkin.model.And","infoMap":{},"children":[],"logs":[{"timestamp":"Jan 14, 2021, 4:05:10 PM","status":"PASS","details":"\u003ctable class\u003d\u0027markup-table table \u0027\u003e\u003ctr\u003e\u003ctd\u003eRateType\u003c/td\u003e\u003ctd\u003eRateValue\u003c/td\u003e\u003c/tr\u003e\u003ctr\u003e\u003ctd\u003eUSD\u003c/td\u003e\u003ctd\u003e1.2166\u003c/td\u003e\u003c/tr\u003e\u003ctr\u003e\u003ctd\u003eGBP\u003c/td\u003e\u003ctd\u003e0.88983\u003c/td\u003e\u003c/tr\u003e\u003ctr\u003e\u003ctd\u003eZAR\u003c/td\u003e\u003ctd\u003e18.6329\u003c/td\u003e\u003c/tr\u003e\u003c/table\u003e","seq":0,"infoMap":{}},{"timestamp":"Jan 14, 2021, 4:05:11 PM","status":"PASS","details":"","seq":1,"infoMap":{}}],"media":[],"exceptions":[],"authorSet":[],"categorySet":[],"deviceSet":[],"generatedLog":[]}],"logs":[],"media":[],"exceptions":[],"authorSet":[],"categorySet":[],"deviceSet":[],"generatedLog":[]},{"useNaturalConf":true,"startTime":"Jan 14, 2021, 4:05:11 PM","endTime":"Jan 14, 2021, 4:05:12 PM","status":"PASS","level":1,"isLeaf":false,"name":"Validate Rates API for future date forgin exchange rates macthes for the current date","description":"","bddType":"com.aventstack.extentreports.gherkin.model.Scenario","infoMap":{},"children":[{"useNaturalConf":true,"startTime":"Jan 14, 2021, 4:05:11 PM","endTime":"Jan 14, 2021, 4:05:11 PM","status":"PASS","level":2,"isLeaf":true,"name":"Given Perform get operation for \"2021-01-18\" date forgin exchange rates","description":"stepDefinitions.StepDef_ExchangeRates.perform_get_operation_for_specific_exchange_rates(java.lang.String)","bddType":"com.aventstack.extentreports.gherkin.model.Given","infoMap":{},"children":[],"logs":[{"timestamp":"Jan 14, 2021, 4:05:11 PM","status":"PASS","details":"","seq":0,"infoMap":{}}],"media":[],"exceptions":[],"authorSet":[],"categorySet":[],"deviceSet":[],"generatedLog":[]},{"useNaturalConf":true,"startTime":"Jan 14, 2021, 4:05:11 PM","endTime":"Jan 14, 2021, 4:05:11 PM","status":"PASS","level":2,"isLeaf":true,"name":"Then Validate get status successful","description":"stepDefinitions.StepDef_ExchangeRates.validate_get_status_successful()","bddType":"com.aventstack.extentreports.gherkin.model.Then","infoMap":{},"children":[],"logs":[{"timestamp":"Jan 14, 2021, 4:05:11 PM","status":"INFO","details":"Latest exchange rates, GET operation response \u0027HTTP/1.1 200 OK\u0027 is as expected.","seq":0,"infoMap":{}},{"timestamp":"Jan 14, 2021, 4:05:11 PM","status":"PASS","details":"","seq":1,"infoMap":{}}],"media":[],"exceptions":[],"authorSet":[],"categorySet":[],"deviceSet":[],"generatedLog":[]},{"useNaturalConf":true,"startTime":"Jan 14, 2021, 4:05:11 PM","endTime":"Jan 14, 2021, 4:05:12 PM","status":"PASS","level":2,"isLeaf":true,"name":"And Validate get response body matching with current date get response body","description":"stepDefinitions.StepDef_ExchangeRates.validate_get_response_body_matching_with_current_date_response_body()","bddType":"com.aventstack.extentreports.gherkin.model.And","infoMap":{},"children":[],"logs":[{"timestamp":"Jan 14, 2021, 4:05:12 PM","status":"INFO","details":"Validation passed as future date exchange rates response is matching with current date response.","seq":0,"infoMap":{}},{"timestamp":"Jan 14, 2021, 4:05:12 PM","status":"PASS","details":"","seq":1,"infoMap":{}}],"media":[],"exceptions":[],"authorSet":[],"categorySet":[],"deviceSet":[],"generatedLog":[]}],"logs":[],"media":[],"exceptions":[],"authorSet":[],"categorySet":[],"deviceSet":[],"generatedLog":[]}],"logs":[],"media":[],"exceptions":[],"authorSet":[],"categorySet":[],"deviceSet":[],"generatedLog":[]}]